experiment_id,timestamp,protocol,configuration,algorithm,classical_component,pqc_component,network_profile,iteration,latency_us,elapsed_s,user_cpu_s,system_cpu_s,memory_kb,tcp_payload_bytes,ip_packets,success
tls_baseline_classical_20260901_150510_1,2026-09-01T15:05:10+00:00,TLS,Classical,X25519,X25519,None,baseline,1,23258,,,,,,,1
tls_baseline_classical_20260901_150510_2,2026-09-01T15:05:10+00:00,TLS,Classical,X25519,X25519,None,baseline,2,21925,,,,,,,1
tls_baseline_classical_20260901_150510_3,2026-09-01T15:05:11+00:00,TLS,Classical,X25519,X25519,None,baseline,3,20380,,,,,,,1
tls_baseline_classical_20260901_150510_4,2026-09-01T15:05:11+00:00,TLS,Classical,X25519,X25519,None,baseline,4,24997,,,,,,,1
tls_baseline_classical_20260901_150510_5,2026-09-01T15:05:11+00:00,TLS,Classical,X25519,X25519,None,baseline,5,22842,,,,,,,1
tls_baseline_classical_20260901_150510_6,2026-09-01T15:05:11+00:00,TLS,Classical,X25519,X25519,None,baseline,6,25732,,,,,,,1
tls_baseline_classical_20260901_150510_7,2026-09-01T15:05:11+00:00,TLS,Classical,X25519,X25519,None,baseline,7,26989,,,,,,,1
tls_baseline_classical_20260901_150510_8,2026-09-01T15:05:11+00:00,TLS,Classical,X25519,X25519,None,baseline,8,35252,,,,,,,1
tls_baseline_classical_20260901_150510_9,2026-09-01T15:05:11+00:00,TLS,Classical,X25519,X25519,None,baseline,9,29951,,,,,,,1
tls_baseline_classical_20260901_150510_10,2026-09-01T15:05:11+00:00,TLS,Classical,X25519,X25519,None,baseline,10,33090,,,,,,,1
tls_baseline_hybrid_20260901_150510_1,2026-09-01T15:05:11+00:00,TLS,Hybrid,X25519MLKEM768,X25519,ML-KEM-768,baseline,1,11744,,,,,,,1
tls_baseline_hybrid_20260901_150510_2,2026-09-01T15:05:11+00:00,TLS,Hybrid,X25519MLKEM768,X25519,ML-KEM-768,baseline,2,10332,,,,,,,1
tls_baseline_hybrid_20260901_150510_3,2026-09-01T15:05:11+00:00,TLS,Hybrid,X25519MLKEM768,X25519,ML-KEM-768,baseline,3,10701,,,,,,,1
tls_baseline_hybrid_20260901_150510_4,2026-09-01T15:05:11+00:00,TLS,Hybrid,X25519MLKEM768,X25519,ML-KEM-768,baseline,4,9270,,,,,,,1
tls_baseline_hybrid_20260901_150510_5,2026-09-01T15:05:11+00:00,TLS,Hybrid,X25519MLKEM768,X25519,ML-KEM-768,baseline,5,11766,,,,,,,1
tls_baseline_hybrid_20260901_150510_6,2026-09-01T15:05:11+00:00,TLS,Hybrid,X25519MLKEM768,X25519,ML-KEM-768,baseline,6,10865,,,,,,,1
tls_baseline_hybrid_20260901_150510_7,2026-09-01T15:05:11+00:00,TLS,Hybrid,X25519MLKEM768,X25519,ML-KEM-768,baseline,7,10135,,,,,,,1
tls_baseline_hybrid_20260901_150510_8,2026-09-01T15:05:11+00:00,TLS,Hybrid,X25519MLKEM768,X25519,ML-KEM-768,baseline,8,9825,,,,,,,1
tls_baseline_hybrid_20260901_150510_9,2026-09-01T15:05:11+00:00,TLS,Hybrid,X25519MLKEM768,X25519,ML-KEM-768,baseline,9,9674,,,,,,,1
tls_baseline_hybrid_20260901_150510_10,2026-09-01T15:05:11+00:00,TLS,Hybrid,X25519MLKEM768,X25519,ML-KEM-768,baseline,10,12540,,,,,,,1
ssh_baseline_classical_20260901_150959_1,2026-09-01T15:10:00+00:00,SSH,Classical,X25519,X25519,None,baseline,1,730132,,,,,,,1
ssh_baseline_classical_20260901_150959_2,2026-09-01T15:10:00+00:00,SSH,Classical,X25519,X25519,None,baseline,2,175033,,,,,,,1
ssh_baseline_classical_20260901_150959_3,2026-09-01T15:10:00+00:00,SSH,Classical,X25519,X25519,None,baseline,3,188404,,,,,,,1
ssh_baseline_classical_20260901_150959_4,2026-09-01T15:10:00+00:00,SSH,Classical,X25519,X25519,None,baseline,4,189409,,,,,,,1
ssh_baseline_classical_20260901_150959_5,2026-09-01T15:10:00+00:00,SSH,Classical,X25519,X25519,None,baseline,5,175790,,,,,,,1
ssh_baseline_classical_20260901_150959_6,2026-09-01T15:10:01+00:00,SSH,Classical,X25519,X25519,None,baseline,6,182930,,,,,,,1
ssh_baseline_classical_20260901_150959_7,2026-09-01T15:10:01+00:00,SSH,Classical,X25519,X25519,None,baseline,7,172022,,,,,,,1
ssh_baseline_classical_20260901_150959_8,2026-09-01T15:10:01+00:00,SSH,Classical,X25519,X25519,None,baseline,8,172387,,,,,,,1
ssh_baseline_classical_20260901_150959_9,2026-09-01T15:10:01+00:00,SSH,Classical,X25519,X25519,None,baseline,9,193806,,,,,,,1
ssh_baseline_classical_20260901_150959_10,2026-09-01T15:10:01+00:00,SSH,Classical,X25519,X25519,None,baseline,10,212860,,,,,,,1
ssh_baseline_hybrid_20260901_150959_1,2026-09-01T15:10:02+00:00,SSH,Hybrid,sntrup761x25519,X25519,Streamlined-NTRU-Prime,baseline,1,269355,,,,,,,1
ssh_baseline_hybrid_20260901_150959_2,2026-09-01T15:10:02+00:00,SSH,Hybrid,sntrup761x25519,X25519,Streamlined-NTRU-Prime,baseline,2,240660,,,,,,,1
ssh_baseline_hybrid_20260901_150959_3,2026-09-01T15:10:02+00:00,SSH,Hybrid,sntrup761x25519,X25519,Streamlined-NTRU-Prime,baseline,3,228384,,,,,,,1
ssh_baseline_hybrid_20260901_150959_4,2026-09-01T15:10:02+00:00,SSH,Hybrid,sntrup761x25519,X25519,Streamlined-NTRU-Prime,baseline,4,249055,,,,,,,1
ssh_baseline_hybrid_20260901_150959_5,2026-09-01T15:10:03+00:00,SSH,Hybrid,sntrup761x25519,X25519,Streamlined-NTRU-Prime,baseline,5,253166,,,,,,,1
ssh_baseline_hybrid_20260901_150959_6,2026-09-01T15:10:03+00:00,SSH,Hybrid,sntrup761x25519,X25519,Streamlined-NTRU-Prime,baseline,6,272742,,,,,,,1
ssh_baseline_hybrid_20260901_150959_7,2026-09-01T15:10:03+00:00,SSH,Hybrid,sntrup761x25519,X25519,Streamlined-NTRU-Prime,baseline,7,239917,,,,,,,1
ssh_baseline_hybrid_20260901_150959_8,2026-09-01T15:10:03+00:00,SSH,Hybrid,sntrup761x25519,X25519,Streamlined-NTRU-Prime,baseline,8,231506,,,,,,,1
ssh_baseline_hybrid_20260901_150959_9,2026-09-01T15:10:04+00:00,SSH,Hybrid,sntrup761x25519,X25519,Streamlined-NTRU-Prime,baseline,9,222552,,,,,,,1
ssh_baseline_hybrid_20260901_150959_10,2026-09-01T15:10:04+00:00,SSH,Hybrid,sntrup761x25519,X25519,Streamlined-NTRU-Prime,baseline,10,247816,,,,,,,1
tls_baseline_classical_20260901_151439_1,2026-09-01T15:14:39+00:00,TLS,Classical,X25519,X25519,None,baseline,1,24537,,,,,,,1
tls_baseline_classical_20260901_151439_2,2026-09-01T15:14:39+00:00,TLS,Classical,X25519,X25519,None,baseline,2,21466,,,,,,,1
tls_baseline_classical_20260901_151439_3,2026-09-01T15:14:39+00:00,TLS,Classical,X25519,X25519,None,baseline,3,23759,,,,,,,1
tls_baseline_classical_20260901_151439_4,2026-09-01T15:14:39+00:00,TLS,Classical,X25519,X25519,None,baseline,4,24400,,,,,,,1
tls_baseline_classical_20260901_151439_5,2026-09-01T15:14:39+00:00,TLS,Classical,X25519,X25519,None,baseline,5,22515,,,,,,,1
tls_baseline_classical_20260901_151439_6,2026-09-01T15:14:39+00:00,TLS,Classical,X25519,X25519,None,baseline,6,26668,,,,,,,1
tls_baseline_classical_20260901_151439_7,2026-09-01T15:14:39+00:00,TLS,Classical,X25519,X25519,None,baseline,7,24824,,,,,,,1
tls_baseline_classical_20260901_151439_8,2026-09-01T15:14:39+00:00,TLS,Classical,X25519,X25519,None,baseline,8,28624,,,,,,,1
tls_baseline_classical_20260901_151439_9,2026-09-01T15:14:39+00:00,TLS,Classical,X25519,X25519,None,baseline,9,24570,,,,,,,1
tls_baseline_classical_20260901_151439_10,2026-09-01T15:14:39+00:00,TLS,Classical,X25519,X25519,None,baseline,10,24263,,,,,,,1
tls_baseline_hybrid_20260901_151439_1,2026-09-01T15:14:39+00:00,TLS,Hybrid,X25519MLKEM768,X25519,ML-KEM-768,baseline,1,11269,,,,,,,1
tls_baseline_hybrid_20260901_151439_2,2026-09-01T15:14:39+00:00,TLS,Hybrid,X25519MLKEM768,X25519,ML-KEM-768,baseline,2,8372,,,,,,,1
tls_baseline_hybrid_20260901_151439_3,2026-09-01T15:14:39+00:00,TLS,Hybrid,X25519MLKEM768,X25519,ML-KEM-768,baseline,3,9307,,,,,,,1
tls_baseline_hybrid_20260901_151439_4,2026-09-01T15:14:39+00:00,TLS,Hybrid,X25519MLKEM768,X25519,ML-KEM-768,baseline,4,8468,,,,,,,1
tls_baseline_hybrid_20260901_151439_5,2026-09-01T15:14:39+00:00,TLS,Hybrid,X25519MLKEM768,X25519,ML-KEM-768,baseline,5,8274,,,,,,,1
tls_baseline_hybrid_20260901_151439_6,2026-09-01T15:14:39+00:00,TLS,Hybrid,X25519MLKEM768,X25519,ML-KEM-768,baseline,6,9841,,,,,,,1
tls_baseline_hybrid_20260901_151439_7,2026-09-01T15:14:39+00:00,TLS,Hybrid,X25519MLKEM768,X25519,ML-KEM-768,baseline,7,11751,,,,,,,1
tls_baseline_hybrid_20260901_151439_8,2026-09-01T15:14:39+00:00,TLS,Hybrid,X25519MLKEM768,X25519,ML-KEM-768,baseline,8,9389,,,,,,,1
tls_baseline_hybrid_20260901_151439_9,2026-09-01T15:14:39+00:00,TLS,Hybrid,X25519MLKEM768,X25519,ML-KEM-768,baseline,9,9161,,,,,,,1
tls_baseline_hybrid_20260901_151439_10,2026-09-01T15:14:39+00:00,TLS,Hybrid,X25519MLKEM768,X25519,ML-KEM-768,baseline,10,10251,,,,,,,1
ssh_baseline_classical_20260901_151439_1,2026-09-01T15:14:40+00:00,SSH,Classical,X25519,X25519,None,baseline,1,600442,,,,,,,1
ssh_baseline_classical_20260901_151439_2,2026-09-01T15:14:40+00:00,SSH,Classical,X25519,X25519,None,baseline,2,172826,,,,,,,1
ssh_baseline_classical_20260901_151439_3,2026-09-01T15:14:40+00:00,SSH,Classical,X25519,X25519,None,baseline,3,181758,,,,,,,1
ssh_baseline_classical_20260901_151439_4,2026-09-01T15:14:40+00:00,SSH,Classical,X25519,X25519,None,baseline,4,187662,,,,,,,1
ssh_baseline_classical_20260901_151439_5,2026-09-01T15:14:40+00:00,SSH,Classical,X25519,X25519,None,baseline,5,199201,,,,,,,1
ssh_baseline_classical_20260901_151439_6,2026-09-01T15:14:41+00:00,SSH,Classical,X25519,X25519,None,baseline,6,194361,,,,,,,1
ssh_baseline_classical_20260901_151439_7,2026-09-01T15:14:41+00:00,SSH,Classical,X25519,X25519,None,baseline,7,182973,,,,,,,1
ssh_baseline_classical_20260901_151439_8,2026-09-01T15:14:41+00:00,SSH,Classical,X25519,X25519,None,baseline,8,215423,,,,,,,1
ssh_baseline_classical_20260901_151439_9,2026-09-01T15:14:41+00:00,SSH,Classical,X25519,X25519,None,baseline,9,185493,,,,,,,1
ssh_baseline_classical_20260901_151439_10,2026-09-01T15:14:41+00:00,SSH,Classical,X25519,X25519,None,baseline,10,191697,,,,,,,1
ssh_baseline_hybrid_20260901_151439_1,2026-09-01T15:14:42+00:00,SSH,Hybrid,sntrup761x25519,X25519,Streamlined-NTRU-Prime,baseline,1,258415,,,,,,,1
ssh_baseline_hybrid_20260901_151439_2,2026-09-01T15:14:42+00:00,SSH,Hybrid,sntrup761x25519,X25519,Streamlined-NTRU-Prime,baseline,2,226079,,,,,,,1
ssh_baseline_hybrid_20260901_151439_3,2026-09-01T15:14:42+00:00,SSH,Hybrid,sntrup761x25519,X25519,Streamlined-NTRU-Prime,baseline,3,247494,,,,,,,1
ssh_baseline_hybrid_20260901_151439_4,2026-09-01T15:14:42+00:00,SSH,Hybrid,sntrup761x25519,X25519,Streamlined-NTRU-Prime,baseline,4,262689,,,,,,,1
ssh_baseline_hybrid_20260901_151439_5,2026-09-01T15:14:43+00:00,SSH,Hybrid,sntrup761x25519,X25519,Streamlined-NTRU-Prime,baseline,5,231600,,,,,,,1
ssh_baseline_hybrid_20260901_151439_6,2026-09-01T15:14:43+00:00,SSH,Hybrid,sntrup761x25519,X25519,Streamlined-NTRU-Prime,baseline,6,241307,,,,,,,1
ssh_baseline_hybrid_20260901_151439_7,2026-09-01T15:14:43+00:00,SSH,Hybrid,sntrup761x25519,X25519,Streamlined-NTRU-Prime,baseline,7,246542,,,,,,,1
ssh_baseline_hybrid_20260901_151439_8,2026-09-01T15:14:43+00:00,SSH,Hybrid,sntrup761x25519,X25519,Streamlined-NTRU-Prime,baseline,8,232596,,,,,,,1
ssh_baseline_hybrid_20260901_151439_9,2026-09-01T15:14:44+00:00,SSH,Hybrid,sntrup761x25519,X25519,Streamlined-NTRU-Prime,baseline,9,236769,,,,,,,1
ssh_baseline_hybrid_20260901_151439_10,2026-09-01T15:14:44+00:00,SSH,Hybrid,sntrup761x25519,X25519,Streamlined-NTRU-Prime,baseline,10,255451,,,,,,,1
tls_latency100_classical_20260901_151444_1,2026-09-01T15:14:45+00:00,TLS,Classical,X25519,X25519,None,latency100,1,629710,,,,,,,1
tls_latency100_classical_20260901_151444_2,2026-09-01T15:14:45+00:00,TLS,Classical,X25519,X25519,None,latency100,2,632179,,,,,,,1
tls_latency100_classical_20260901_151444_3,2026-09-01T15:14:46+00:00,TLS,Classical,X25519,X25519,None,latency100,3,631379,,,,,,,1
tls_latency100_classical_20260901_151444_4,2026-09-01T15:14:47+00:00,TLS,Classical,X25519,X25519,None,latency100,4,636464,,,,,,,1
tls_latency100_classical_20260901_151444_5,2026-09-01T15:14:47+00:00,TLS,Classical,X25519,X25519,None,latency100,5,627625,,,,,,,1
tls_latency100_classical_20260901_151444_6,2026-09-01T15:14:48+00:00,TLS,Classical,X25519,X25519,None,latency100,6,630056,,,,,,,1
tls_latency100_classical_20260901_151444_7,2026-09-01T15:14:48+00:00,TLS,Classical,X25519,X25519,None,latency100,7,635170,,,,,,,1
tls_latency100_classical_20260901_151444_8,2026-09-01T15:14:49+00:00,TLS,Classical,X25519,X25519,None,latency100,8,630764,,,,,,,1
tls_latency100_classical_20260901_151444_9,2026-09-01T15:14:50+00:00,TLS,Classical,X25519,X25519,None,latency100,9,639487,,,,,,,1
tls_latency100_classical_20260901_151444_10,2026-09-01T15:14:50+00:00,TLS,Classical,X25519,X25519,None,latency100,10,626445,,,,,,,1
tls_latency100_hybrid_20260901_151444_1,2026-09-01T15:14:51+00:00,TLS,Hybrid,X25519MLKEM768,X25519,ML-KEM-768,latency100,1,619481,,,,,,,1
tls_latency100_hybrid_20260901_151444_2,2026-09-01T15:14:52+00:00,TLS,Hybrid,X25519MLKEM768,X25519,ML-KEM-768,latency100,2,613514,,,,,,,1
tls_latency100_hybrid_20260901_151444_3,2026-09-01T15:14:52+00:00,TLS,Hybrid,X25519MLKEM768,X25519,ML-KEM-768,latency100,3,617548,,,,,,,1
tls_latency100_hybrid_20260901_151444_4,2026-09-01T15:14:53+00:00,TLS,Hybrid,X25519MLKEM768,X25519,ML-KEM-768,latency100,4,615830,,,,,,,1
tls_latency100_hybrid_20260901_151444_5,2026-09-01T15:14:53+00:00,TLS,Hybrid,X25519MLKEM768,X25519,ML-KEM-768,latency100,5,616257,,,,,,,1
tls_latency100_hybrid_20260901_151444_6,2026-09-01T15:14:54+00:00,TLS,Hybrid,X25519MLKEM768,X25519,ML-KEM-768,latency100,6,612816,,,,,,,1
tls_latency100_hybrid_20260901_151444_7,2026-09-01T15:14:55+00:00,TLS,Hybrid,X25519MLKEM768,X25519,ML-KEM-768,latency100,7,614514,,,,,,,1
tls_latency100_hybrid_20260901_151444_8,2026-09-01T15:14:55+00:00,TLS,Hybrid,X25519MLKEM768,X25519,ML-KEM-768,latency100,8,611719,,,,,,,1
tls_latency100_hybrid_20260901_151444_9,2026-09-01T15:14:56+00:00,TLS,Hybrid,X25519MLKEM768,X25519,ML-KEM-768,latency100,9,615004,,,,,,,1
tls_latency100_hybrid_20260901_151444_10,2026-09-01T15:14:57+00:00,TLS,Hybrid,X25519MLKEM768,X25519,ML-KEM-768,latency100,10,613895,,,,,,,1
ssh_latency100_classical_20260901_151457_1,2026-09-01T15:14:59+00:00,SSH,Classical,X25519,X25519,None,latency100,1,2577018,,,,,,,1
ssh_latency100_classical_20260901_151457_2,2026-09-01T15:15:02+00:00,SSH,Classical,X25519,X25519,None,latency100,2,2583161,,,,,,,1
ssh_latency100_classical_20260901_151457_3,2026-09-01T15:15:04+00:00,SSH,Classical,X25519,X25519,None,latency100,3,2592438,,,,,,,1
ssh_latency100_classical_20260901_151457_4,2026-09-01T15:15:07+00:00,SSH,Classical,X25519,X25519,None,latency100,4,2592848,,,,,,,1
ssh_latency100_classical_20260901_151457_5,2026-09-01T15:15:10+00:00,SSH,Classical,X25519,X25519,None,latency100,5,2589006,,,,,,,1
ssh_latency100_classical_20260901_151457_6,2026-09-01T15:15:12+00:00,SSH,Classical,X25519,X25519,None,latency100,6,2588287,,,,,,,1
ssh_latency100_classical_20260901_151457_7,2026-09-01T15:15:15+00:00,SSH,Classical,X25519,X25519,None,latency100,7,2586974,,,,,,,1
ssh_latency100_classical_20260901_151457_8,2026-09-01T15:15:17+00:00,SSH,Classical,X25519,X25519,None,latency100,8,2587148,,,,,,,1
ssh_latency100_classical_20260901_151457_9,2026-09-01T15:15:20+00:00,SSH,Classical,X25519,X25519,None,latency100,9,2585957,,,,,,,1
ssh_latency100_classical_20260901_151457_10,2026-09-01T15:15:23+00:00,SSH,Classical,X25519,X25519,None,latency100,10,2614102,,,,,,,1
ssh_latency100_hybrid_20260901_151457_1,2026-09-01T15:15:25+00:00,SSH,Hybrid,sntrup761x25519,X25519,Streamlined-NTRU-Prime,latency100,1,2624029,,,,,,,1
ssh_latency100_hybrid_20260901_151457_2,2026-09-01T15:15:28+00:00,SSH,Hybrid,sntrup761x25519,X25519,Streamlined-NTRU-Prime,latency100,2,2616676,,,,,,,1
ssh_latency100_hybrid_20260901_151457_3,2026-09-01T15:15:30+00:00,SSH,Hybrid,sntrup761x25519,X25519,Streamlined-NTRU-Prime,latency100,3,2605592,,,,,,,1
ssh_latency100_hybrid_20260901_151457_4,2026-09-01T15:15:33+00:00,SSH,Hybrid,sntrup761x25519,X25519,Streamlined-NTRU-Prime,latency100,4,2611326,,,,,,,1
ssh_latency100_hybrid_20260901_151457_5,2026-09-01T15:15:36+00:00,SSH,Hybrid,sntrup761x25519,X25519,Streamlined-NTRU-Prime,latency100,5,2615744,,,,,,,1
ssh_latency100_hybrid_20260901_151457_6,2026-09-01T15:15:38+00:00,SSH,Hybrid,sntrup761x25519,X25519,Streamlined-NTRU-Prime,latency100,6,2614114,,,,,,,1
ssh_latency100_hybrid_20260901_151457_7,2026-09-01T15:15:41+00:00,SSH,Hybrid,sntrup761x25519,X25519,Streamlined-NTRU-Prime,latency100,7,2899535,,,,,,,1
ssh_latency100_hybrid_20260901_151457_8,2026-09-01T15:15:44+00:00,SSH,Hybrid,sntrup761x25519,X25519,Streamlined-NTRU-Prime,latency100,8,2604747,,,,,,,1
ssh_latency100_hybrid_20260901_151457_9,2026-09-01T15:15:46+00:00,SSH,Hybrid,sntrup761x25519,X25519,Streamlined-NTRU-Prime,latency100,9,2615395,,,,,,,1
ssh_latency100_hybrid_20260901_151457_10,2026-09-01T15:15:49+00:00,SSH,Hybrid,sntrup761x25519,X25519,Streamlined-NTRU-Prime,latency100,10,2600146,,,,,,,1
tls_latency200_classical_20260901_151549_1,2026-09-01T15:15:50+00:00,TLS,Classical,X25519,X25519,None,latency200,1,1247008,,,,,,,1
tls_latency200_classical_20260901_151549_2,2026-09-01T15:15:52+00:00,TLS,Classical,X25519,X25519,None,latency200,2,1230751,,,,,,,1
tls_latency200_classical_20260901_151549_3,2026-09-01T15:15:53+00:00,TLS,Classical,X25519,X25519,None,latency200,3,1230224,,,,,,,1
tls_latency200_classical_20260901_151549_4,2026-09-01T15:15:54+00:00,TLS,Classical,X25519,X25519,None,latency200,4,1233773,,,,,,,1
tls_latency200_classical_20260901_151549_5,2026-09-01T15:15:55+00:00,TLS,Classical,X25519,X25519,None,latency200,5,1228858,,,,,,,1
tls_latency200_classical_20260901_151549_6,2026-09-01T15:15:57+00:00,TLS,Classical,X25519,X25519,None,latency200,6,1229091,,,,,,,1
tls_latency200_classical_20260901_151549_7,2026-09-01T15:15:58+00:00,TLS,Classical,X25519,X25519,None,latency200,7,1230104,,,,,,,1
tls_latency200_classical_20260901_151549_8,2026-09-01T15:15:59+00:00,TLS,Classical,X25519,X25519,None,latency200,8,1229829,,,,,,,1
tls_latency200_classical_20260901_151549_9,2026-09-01T15:16:00+00:00,TLS,Classical,X25519,X25519,None,latency200,9,1229503,,,,,,,1
tls_latency200_classical_20260901_151549_10,2026-09-01T15:16:01+00:00,TLS,Classical,X25519,X25519,None,latency200,10,1229448,,,,,,,1
tls_latency200_hybrid_20260901_151549_1,2026-09-01T15:16:03+00:00,TLS,Hybrid,X25519MLKEM768,X25519,ML-KEM-768,latency200,1,1248003,,,,,,,1
tls_latency200_hybrid_20260901_151549_2,2026-09-01T15:16:04+00:00,TLS,Hybrid,X25519MLKEM768,X25519,ML-KEM-768,latency200,2,1216456,,,,,,,1
tls_latency200_hybrid_20260901_151549_3,2026-09-01T15:16:05+00:00,TLS,Hybrid,X25519MLKEM768,X25519,ML-KEM-768,latency200,3,1216851,,,,,,,1
tls_latency200_hybrid_20260901_151549_4,2026-09-01T15:16:06+00:00,TLS,Hybrid,X25519MLKEM768,X25519,ML-KEM-768,latency200,4,1215713,,,,,,,1
tls_latency200_hybrid_20260901_151549_5,2026-09-01T15:16:08+00:00,TLS,Hybrid,X25519MLKEM768,X25519,ML-KEM-768,latency200,5,1217868,,,,,,,1
tls_latency200_hybrid_20260901_151549_6,2026-09-01T15:16:09+00:00,TLS,Hybrid,X25519MLKEM768,X25519,ML-KEM-768,latency200,6,1219680,,,,,,,1
tls_latency200_hybrid_20260901_151549_7,2026-09-01T15:16:10+00:00,TLS,Hybrid,X25519MLKEM768,X25519,ML-KEM-768,latency200,7,1218456,,,,,,,1
tls_latency200_hybrid_20260901_151549_8,2026-09-01T15:16:11+00:00,TLS,Hybrid,X25519MLKEM768,X25519,ML-KEM-768,latency200,8,1218831,,,,,,,1
tls_latency200_hybrid_20260901_151549_9,2026-09-01T15:16:13+00:00,TLS,Hybrid,X25519MLKEM768,X25519,ML-KEM-768,latency200,9,1221858,,,,,,,1
tls_latency200_hybrid_20260901_151549_10,2026-09-01T15:16:14+00:00,TLS,Hybrid,X25519MLKEM768,X25519,ML-KEM-768,latency200,10,1219180,,,,,,,1
ssh_latency200_classical_20260901_151614_1,2026-09-01T15:16:19+00:00,SSH,Classical,X25519,X25519,None,latency200,1,4981804,,,,,,,1
ssh_latency200_classical_20260901_151614_2,2026-09-01T15:16:24+00:00,SSH,Classical,X25519,X25519,None,latency200,2,4983100,,,,,,,1
ssh_latency200_classical_20260901_151614_3,2026-09-01T15:16:29+00:00,SSH,Classical,X25519,X25519,None,latency200,3,4985407,,,,,,,1
ssh_latency200_classical_20260901_151614_4,2026-09-01T15:16:34+00:00,SSH,Classical,X25519,X25519,None,latency200,4,4983331,,,,,,,1
ssh_latency200_classical_20260901_151614_5,2026-09-01T15:16:39+00:00,SSH,Classical,X25519,X25519,None,latency200,5,4985188,,,,,,,1
ssh_latency200_classical_20260901_151614_6,2026-09-01T15:16:44+00:00,SSH,Classical,X25519,X25519,None,latency200,6,4990730,,,,,,,1
ssh_latency200_classical_20260901_151614_7,2026-09-01T15:16:49+00:00,SSH,Classical,X25519,X25519,None,latency200,7,4992160,,,,,,,1
ssh_latency200_classical_20260901_151614_8,2026-09-01T15:16:54+00:00,SSH,Classical,X25519,X25519,None,latency200,8,4984919,,,,,,,1
ssh_latency200_classical_20260901_151614_9,2026-09-01T15:16:59+00:00,SSH,Classical,X25519,X25519,None,latency200,9,4978017,,,,,,,1
ssh_latency200_classical_20260901_151614_10,2026-09-01T15:17:04+00:00,SSH,Classical,X25519,X25519,None,latency200,10,4985078,,,,,,,1
ssh_latency200_hybrid_20260901_151614_1,2026-09-01T15:17:09+00:00,SSH,Hybrid,sntrup761x25519,X25519,Streamlined-NTRU-Prime,latency200,1,5011247,,,,,,,1
ssh_latency200_hybrid_20260901_151614_2,2026-09-01T15:17:14+00:00,SSH,Hybrid,sntrup761x25519,X25519,Streamlined-NTRU-Prime,latency200,2,5006910,,,,,,,1
ssh_latency200_hybrid_20260901_151614_3,2026-09-01T15:17:19+00:00,SSH,Hybrid,sntrup761x25519,X25519,Streamlined-NTRU-Prime,latency200,3,5011748,,,,,,,1
ssh_latency200_hybrid_20260901_151614_4,2026-09-01T15:17:24+00:00,SSH,Hybrid,sntrup761x25519,X25519,Streamlined-NTRU-Prime,latency200,4,5010517,,,,,,,1
ssh_latency200_hybrid_20260901_151614_5,2026-09-01T15:17:29+00:00,SSH,Hybrid,sntrup761x25519,X25519,Streamlined-NTRU-Prime,latency200,5,5024462,,,,,,,1
ssh_latency200_hybrid_20260901_151614_6,2026-09-01T15:17:34+00:00,SSH,Hybrid,sntrup761x25519,X25519,Streamlined-NTRU-Prime,latency200,6,4998503,,,,,,,1
ssh_latency200_hybrid_20260901_151614_7,2026-09-01T15:17:39+00:00,SSH,Hybrid,sntrup761x25519,X25519,Streamlined-NTRU-Prime,latency200,7,4999101,,,,,,,1
ssh_latency200_hybrid_20260901_151614_8,2026-09-01T15:17:44+00:00,SSH,Hybrid,sntrup761x25519,X25519,Streamlined-NTRU-Prime,latency200,8,4999733,,,,,,,1
ssh_latency200_hybrid_20260901_151614_9,2026-09-01T15:17:49+00:00,SSH,Hybrid,sntrup761x25519,X25519,Streamlined-NTRU-Prime,latency200,9,5010787,,,,,,,1
ssh_latency200_hybrid_20260901_151614_10,2026-09-01T15:17:54+00:00,SSH,Hybrid,sntrup761x25519,X25519,Streamlined-NTRU-Prime,latency200,10,5017400,,,,,,,1
tls_bandwidth1mbps_classical_20260901_151754_1,2026-09-01T15:17:54+00:00,TLS,Classical,X25519,X25519,None,bandwidth1mbps,1,21458,,,,,,,1
tls_bandwidth1mbps_classical_20260901_151754_2,2026-09-01T15:17:54+00:00,TLS,Classical,X25519,X25519,None,bandwidth1mbps,2,21625,,,,,,,1
tls_bandwidth1mbps_classical_20260901_151754_3,2026-09-01T15:17:54+00:00,TLS,Classical,X25519,X25519,None,bandwidth1mbps,3,23907,,,,,,,1
tls_bandwidth1mbps_classical_20260901_151754_4,2026-09-01T15:17:54+00:00,TLS,Classical,X25519,X25519,None,bandwidth1mbps,4,24060,,,,,,,1
tls_bandwidth1mbps_classical_20260901_151754_5,2026-09-01T15:17:54+00:00,TLS,Classical,X25519,X25519,None,bandwidth1mbps,5,25798,,,,,,,1
tls_bandwidth1mbps_classical_20260901_151754_6,2026-09-01T15:17:54+00:00,TLS,Classical,X25519,X25519,None,bandwidth1mbps,6,25695,,,,,,,1
tls_bandwidth1mbps_classical_20260901_151754_7,2026-09-01T15:17:54+00:00,TLS,Classical,X25519,X25519,None,bandwidth1mbps,7,28852,,,,,,,1
tls_bandwidth1mbps_classical_20260901_151754_8,2026-09-01T15:17:54+00:00,TLS,Classical,X25519,X25519,None,bandwidth1mbps,8,27107,,,,,,,1
tls_bandwidth1mbps_classical_20260901_151754_9,2026-09-01T15:17:54+00:00,TLS,Classical,X25519,X25519,None,bandwidth1mbps,9,26703,,,,,,,1
tls_bandwidth1mbps_classical_20260901_151754_10,2026-09-01T15:17:54+00:00,TLS,Classical,X25519,X25519,None,bandwidth1mbps,10,26201,,,,,,,1
tls_bandwidth1mbps_hybrid_20260901_151754_1,2026-09-01T15:17:54+00:00,TLS,Hybrid,X25519MLKEM768,X25519,ML-KEM-768,bandwidth1mbps,1,37126,,,,,,,1
tls_bandwidth1mbps_hybrid_20260901_151754_2,2026-09-01T15:17:54+00:00,TLS,Hybrid,X25519MLKEM768,X25519,ML-KEM-768,bandwidth1mbps,2,35553,,,,,,,1
tls_bandwidth1mbps_hybrid_20260901_151754_3,2026-09-01T15:17:54+00:00,TLS,Hybrid,X25519MLKEM768,X25519,ML-KEM-768,bandwidth1mbps,3,43950,,,,,,,1
tls_bandwidth1mbps_hybrid_20260901_151754_4,2026-09-01T15:17:54+00:00,TLS,Hybrid,X25519MLKEM768,X25519,ML-KEM-768,bandwidth1mbps,4,43160,,,,,,,1
tls_bandwidth1mbps_hybrid_20260901_151754_5,2026-09-01T15:17:54+00:00,TLS,Hybrid,X25519MLKEM768,X25519,ML-KEM-768,bandwidth1mbps,5,39741,,,,,,,1
tls_bandwidth1mbps_hybrid_20260901_151754_6,2026-09-01T15:17:54+00:00,TLS,Hybrid,X25519MLKEM768,X25519,ML-KEM-768,bandwidth1mbps,6,43825,,,,,,,1
tls_bandwidth1mbps_hybrid_20260901_151754_7,2026-09-01T15:17:55+00:00,TLS,Hybrid,X25519MLKEM768,X25519,ML-KEM-768,bandwidth1mbps,7,42794,,,,,,,1
tls_bandwidth1mbps_hybrid_20260901_151754_8,2026-09-01T15:17:55+00:00,TLS,Hybrid,X25519MLKEM768,X25519,ML-KEM-768,bandwidth1mbps,8,37770,,,,,,,1
tls_bandwidth1mbps_hybrid_20260901_151754_9,2026-09-01T15:17:55+00:00,TLS,Hybrid,X25519MLKEM768,X25519,ML-KEM-768,bandwidth1mbps,9,42915,,,,,,,1
tls_bandwidth1mbps_hybrid_20260901_151754_10,2026-09-01T15:17:55+00:00,TLS,Hybrid,X25519MLKEM768,X25519,ML-KEM-768,bandwidth1mbps,10,43188,,,,,,,1
ssh_bandwidth1mbps_classical_20260901_151755_1,2026-09-01T15:17:55+00:00,SSH,Classical,X25519,X25519,None,bandwidth1mbps,1,173959,,,,,,,1
ssh_bandwidth1mbps_classical_20260901_151755_2,2026-09-01T15:17:55+00:00,SSH,Classical,X25519,X25519,None,bandwidth1mbps,2,185445,,,,,,,1
ssh_bandwidth1mbps_classical_20260901_151755_3,2026-09-01T15:17:55+00:00,SSH,Classical,X25519,X25519,None,bandwidth1mbps,3,175709,,,,,,,1
ssh_bandwidth1mbps_classical_20260901_151755_4,2026-09-01T15:17:55+00:00,SSH,Classical,X25519,X25519,None,bandwidth1mbps,4,175770,,,,,,,1
ssh_bandwidth1mbps_classical_20260901_151755_5,2026-09-01T15:17:56+00:00,SSH,Classical,X25519,X25519,None,bandwidth1mbps,5,177259,,,,,,,1
ssh_bandwidth1mbps_classical_20260901_151755_6,2026-09-01T15:17:56+00:00,SSH,Classical,X25519,X25519,None,bandwidth1mbps,6,179674,,,,,,,1
ssh_bandwidth1mbps_classical_20260901_151755_7,2026-09-01T15:17:56+00:00,SSH,Classical,X25519,X25519,None,bandwidth1mbps,7,190063,,,,,,,1
ssh_bandwidth1mbps_classical_20260901_151755_8,2026-09-01T15:17:56+00:00,SSH,Classical,X25519,X25519,None,bandwidth1mbps,8,192988,,,,,,,1
ssh_bandwidth1mbps_classical_20260901_151755_9,2026-09-01T15:17:56+00:00,SSH,Classical,X25519,X25519,None,bandwidth1mbps,9,177507,,,,,,,1
ssh_bandwidth1mbps_classical_20260901_151755_10,2026-09-01T15:17:57+00:00,SSH,Classical,X25519,X25519,None,bandwidth1mbps,10,207482,,,,,,,1
ssh_bandwidth1mbps_hybrid_20260901_151755_1,2026-09-01T15:17:57+00:00,SSH,Hybrid,sntrup761x25519,X25519,Streamlined-NTRU-Prime,bandwidth1mbps,1,258740,,,,,,,1
ssh_bandwidth1mbps_hybrid_20260901_151755_2,2026-09-01T15:17:57+00:00,SSH,Hybrid,sntrup761x25519,X25519,Streamlined-NTRU-Prime,bandwidth1mbps,2,251303,,,,,,,1
ssh_bandwidth1mbps_hybrid_20260901_151755_3,2026-09-01T15:17:57+00:00,SSH,Hybrid,sntrup761x25519,X25519,Streamlined-NTRU-Prime,bandwidth1mbps,3,253331,,,,,,,1
ssh_bandwidth1mbps_hybrid_20260901_151755_4,2026-09-01T15:17:58+00:00,SSH,Hybrid,sntrup761x25519,X25519,Streamlined-NTRU-Prime,bandwidth1mbps,4,264459,,,,,,,1
ssh_bandwidth1mbps_hybrid_20260901_151755_5,2026-09-01T15:17:58+00:00,SSH,Hybrid,sntrup761x25519,X25519,Streamlined-NTRU-Prime,bandwidth1mbps,5,245795,,,,,,,1
ssh_bandwidth1mbps_hybrid_20260901_151755_6,2026-09-01T15:17:58+00:00,SSH,Hybrid,sntrup761x25519,X25519,Streamlined-NTRU-Prime,bandwidth1mbps,6,273677,,,,,,,1
ssh_bandwidth1mbps_hybrid_20260901_151755_7,2026-09-01T15:17:58+00:00,SSH,Hybrid,sntrup761x25519,X25519,Streamlined-NTRU-Prime,bandwidth1mbps,7,233958,,,,,,,1
ssh_bandwidth1mbps_hybrid_20260901_151755_8,2026-09-01T15:17:59+00:00,SSH,Hybrid,sntrup761x25519,X25519,Streamlined-NTRU-Prime,bandwidth1mbps,8,238674,,,,,,,1
ssh_bandwidth1mbps_hybrid_20260901_151755_9,2026-09-01T15:17:59+00:00,SSH,Hybrid,sntrup761x25519,X25519,Streamlined-NTRU-Prime,bandwidth1mbps,9,246154,,,,,,,1
ssh_bandwidth1mbps_hybrid_20260901_151755_10,2026-09-01T15:17:59+00:00,SSH,Hybrid,sntrup761x25519,X25519,Streamlined-NTRU-Prime,bandwidth1mbps,10,243564,,,,,,,1
tls_loss1_classical_20260901_151759_1,2026-09-01T15:17:59+00:00,TLS,Classical,X25519,X25519,None,loss1,1,23167,,,,,,,1
tls_loss1_classical_20260901_151759_2,2026-09-01T15:17:59+00:00,TLS,Classical,X25519,X25519,None,loss1,2,22349,,,,,,,1
tls_loss1_classical_20260901_151759_3,2026-09-01T15:17:59+00:00,TLS,Classical,X25519,X25519,None,loss1,3,25744,,,,,,,1
tls_loss1_classical_20260901_151759_4,2026-09-01T15:17:59+00:00,TLS,Classical,X25519,X25519,None,loss1,4,26224,,,,,,,1
tls_loss1_classical_20260901_151759_5,2026-09-01T15:17:59+00:00,TLS,Classical,X25519,X25519,None,loss1,5,25107,,,,,,,1
tls_loss1_classical_20260901_151759_6,2026-09-01T15:17:59+00:00,TLS,Classical,X25519,X25519,None,loss1,6,27113,,,,,,,1
tls_loss1_classical_20260901_151759_7,2026-09-01T15:17:59+00:00,TLS,Classical,X25519,X25519,None,loss1,7,23280,,,,,,,1
tls_loss1_classical_20260901_151759_8,2026-09-01T15:17:59+00:00,TLS,Classical,X25519,X25519,None,loss1,8,38745,,,,,,,1
tls_loss1_classical_20260901_151759_9,2026-09-01T15:17:59+00:00,TLS,Classical,X25519,X25519,None,loss1,9,24849,,,,,,,1
tls_loss1_classical_20260901_151759_10,2026-09-01T15:17:59+00:00,TLS,Classical,X25519,X25519,None,loss1,10,23650,,,,,,,1
tls_loss1_hybrid_20260901_151759_1,2026-09-01T15:18:00+00:00,TLS,Hybrid,X25519MLKEM768,X25519,ML-KEM-768,loss1,1,12789,,,,,,,1
tls_loss1_hybrid_20260901_151759_2,2026-09-01T15:18:00+00:00,TLS,Hybrid,X25519MLKEM768,X25519,ML-KEM-768,loss1,2,10583,,,,,,,1
tls_loss1_hybrid_20260901_151759_3,2026-09-01T15:18:00+00:00,TLS,Hybrid,X25519MLKEM768,X25519,ML-KEM-768,loss1,3,10483,,,,,,,1
tls_loss1_hybrid_20260901_151759_4,2026-09-01T15:18:00+00:00,TLS,Hybrid,X25519MLKEM768,X25519,ML-KEM-768,loss1,4,10482,,,,,,,1
tls_loss1_hybrid_20260901_151759_5,2026-09-01T15:18:00+00:00,TLS,Hybrid,X25519MLKEM768,X25519,ML-KEM-768,loss1,5,10309,,,,,,,1
tls_loss1_hybrid_20260901_151759_6,2026-09-01T15:18:00+00:00,TLS,Hybrid,X25519MLKEM768,X25519,ML-KEM-768,loss1,6,8597,,,,,,,1
tls_loss1_hybrid_20260901_151759_7,2026-09-01T15:18:00+00:00,TLS,Hybrid,X25519MLKEM768,X25519,ML-KEM-768,loss1,7,9454,,,,,,,1
tls_loss1_hybrid_20260901_151759_8,2026-09-01T15:18:00+00:00,TLS,Hybrid,X25519MLKEM768,X25519,ML-KEM-768,loss1,8,8843,,,,,,,1
tls_loss1_hybrid_20260901_151759_9,2026-09-01T15:18:00+00:00,TLS,Hybrid,X25519MLKEM768,X25519,ML-KEM-768,loss1,9,8749,,,,,,,1
tls_loss1_hybrid_20260901_151759_10,2026-09-01T15:18:00+00:00,TLS,Hybrid,X25519MLKEM768,X25519,ML-KEM-768,loss1,10,9165,,,,,,,1
ssh_loss1_classical_20260901_151800_1,2026-09-01T15:18:00+00:00,SSH,Classical,X25519,X25519,None,loss1,1,201920,,,,,,,1
ssh_loss1_classical_20260901_151800_2,2026-09-01T15:18:00+00:00,SSH,Classical,X25519,X25519,None,loss1,2,190240,,,,,,,1
ssh_loss1_classical_20260901_151800_3,2026-09-01T15:18:00+00:00,SSH,Classical,X25519,X25519,None,loss1,3,200950,,,,,,,1
ssh_loss1_classical_20260901_151800_4,2026-09-01T15:18:01+00:00,SSH,Classical,X25519,X25519,None,loss1,4,186935,,,,,,,1
ssh_loss1_classical_20260901_151800_5,2026-09-01T15:18:01+00:00,SSH,Classical,X25519,X25519,None,loss1,5,190125,,,,,,,1
ssh_loss1_classical_20260901_151800_6,2026-09-01T15:18:01+00:00,SSH,Classical,X25519,X25519,None,loss1,6,195016,,,,,,,1
ssh_loss1_classical_20260901_151800_7,2026-09-01T15:18:01+00:00,SSH,Classical,X25519,X25519,None,loss1,7,183637,,,,,,,1
ssh_loss1_classical_20260901_151800_8,2026-09-01T15:18:01+00:00,SSH,Classical,X25519,X25519,None,loss1,8,206253,,,,,,,1
ssh_loss1_classical_20260901_151800_9,2026-09-01T15:18:02+00:00,SSH,Classical,X25519,X25519,None,loss1,9,205509,,,,,,,1
ssh_loss1_classical_20260901_151800_10,2026-09-01T15:18:02+00:00,SSH,Classical,X25519,X25519,None,loss1,10,192029,,,,,,,1
ssh_loss1_hybrid_20260901_151800_1,2026-09-01T15:18:02+00:00,SSH,Hybrid,sntrup761x25519,X25519,Streamlined-NTRU-Prime,loss1,1,354931,,,,,,,1
ssh_loss1_hybrid_20260901_151800_2,2026-09-01T15:18:02+00:00,SSH,Hybrid,sntrup761x25519,X25519,Streamlined-NTRU-Prime,loss1,2,231589,,,,,,,1
ssh_loss1_hybrid_20260901_151800_3,2026-09-01T15:18:03+00:00,SSH,Hybrid,sntrup761x25519,X25519,Streamlined-NTRU-Prime,loss1,3,233411,,,,,,,1
ssh_loss1_hybrid_20260901_151800_4,2026-09-01T15:18:03+00:00,SSH,Hybrid,sntrup761x25519,X25519,Streamlined-NTRU-Prime,loss1,4,252995,,,,,,,1
ssh_loss1_hybrid_20260901_151800_5,2026-09-01T15:18:03+00:00,SSH,Hybrid,sntrup761x25519,X25519,Streamlined-NTRU-Prime,loss1,5,237547,,,,,,,1
ssh_loss1_hybrid_20260901_151800_6,2026-09-01T15:18:03+00:00,SSH,Hybrid,sntrup761x25519,X25519,Streamlined-NTRU-Prime,loss1,6,245049,,,,,,,1
ssh_loss1_hybrid_20260901_151800_7,2026-09-01T15:18:04+00:00,SSH,Hybrid,sntrup761x25519,X25519,Streamlined-NTRU-Prime,loss1,7,438388,,,,,,,1
ssh_loss1_hybrid_20260901_151800_8,2026-09-01T15:18:04+00:00,SSH,Hybrid,sntrup761x25519,X25519,Streamlined-NTRU-Prime,loss1,8,234141,,,,,,,1
ssh_loss1_hybrid_20260901_151800_9,2026-09-01T15:18:05+00:00,SSH,Hybrid,sntrup761x25519,X25519,Streamlined-NTRU-Prime,loss1,9,688860,,,,,,,1
ssh_loss1_hybrid_20260901_151800_10,2026-09-01T15:18:05+00:00,SSH,Hybrid,sntrup761x25519,X25519,Streamlined-NTRU-Prime,loss1,10,408558,,,,,,,1
tls_mobile_classical_20260901_151805_1,2026-09-01T15:18:05+00:00,TLS,Classical,X25519,X25519,None,mobile,1,316030,,,,,,,1
tls_mobile_classical_20260901_151805_2,2026-09-01T15:18:06+00:00,TLS,Classical,X25519,X25519,None,mobile,2,367157,,,,,,,1
tls_mobile_classical_20260901_151805_3,2026-09-01T15:18:06+00:00,TLS,Classical,X25519,X25519,None,mobile,3,332585,,,,,,,1
tls_mobile_classical_20260901_151805_4,2026-09-01T15:18:07+00:00,TLS,Classical,X25519,X25519,None,mobile,4,310723,,,,,,,1
tls_mobile_classical_20260901_151805_5,2026-09-01T15:18:07+00:00,TLS,Classical,X25519,X25519,None,mobile,5,431423,,,,,,,1
tls_mobile_classical_20260901_151805_6,2026-09-01T15:18:07+00:00,TLS,Classical,X25519,X25519,None,mobile,6,450853,,,,,,,1
tls_mobile_classical_20260901_151805_7,2026-09-01T15:18:08+00:00,TLS,Classical,X25519,X25519,None,mobile,7,379631,,,,,,,1
tls_mobile_classical_20260901_151805_8,2026-09-01T15:18:08+00:00,TLS,Classical,X25519,X25519,None,mobile,8,359243,,,,,,,1
tls_mobile_classical_20260901_151805_9,2026-09-01T15:18:08+00:00,TLS,Classical,X25519,X25519,None,mobile,9,302280,,,,,,,1
tls_mobile_classical_20260901_151805_10,2026-09-01T15:18:09+00:00,TLS,Classical,X25519,X25519,None,mobile,10,458645,,,,,,,1
tls_mobile_hybrid_20260901_151805_1,2026-09-01T15:18:09+00:00,TLS,Hybrid,X25519MLKEM768,X25519,ML-KEM-768,mobile,1,348669,,,,,,,1
tls_mobile_hybrid_20260901_151805_2,2026-09-01T15:18:10+00:00,TLS,Hybrid,X25519MLKEM768,X25519,ML-KEM-768,mobile,2,452558,,,,,,,1
tls_mobile_hybrid_20260901_151805_3,2026-09-01T15:18:10+00:00,TLS,Hybrid,X25519MLKEM768,X25519,ML-KEM-768,mobile,3,399920,,,,,,,1
tls_mobile_hybrid_20260901_151805_4,2026-09-01T15:18:10+00:00,TLS,Hybrid,X25519MLKEM768,X25519,ML-KEM-768,mobile,4,325288,,,,,,,1
tls_mobile_hybrid_20260901_151805_5,2026-09-01T15:18:11+00:00,TLS,Hybrid,X25519MLKEM768,X25519,ML-KEM-768,mobile,5,390723,,,,,,,1
tls_mobile_hybrid_20260901_151805_6,2026-09-01T15:18:11+00:00,TLS,Hybrid,X25519MLKEM768,X25519,ML-KEM-768,mobile,6,559286,,,,,,,1
tls_mobile_hybrid_20260901_151805_7,2026-09-01T15:18:12+00:00,TLS,Hybrid,X25519MLKEM768,X25519,ML-KEM-768,mobile,7,391869,,,,,,,1
tls_mobile_hybrid_20260901_151805_8,2026-09-01T15:18:13+00:00,TLS,Hybrid,X25519MLKEM768,X25519,ML-KEM-768,mobile,8,1316982,,,,,,,1
tls_mobile_hybrid_20260901_151805_9,2026-09-01T15:18:14+00:00,TLS,Hybrid,X25519MLKEM768,X25519,ML-KEM-768,mobile,9,369029,,,,,,,1
tls_mobile_hybrid_20260901_151805_10,2026-09-01T15:18:14+00:00,TLS,Hybrid,X25519MLKEM768,X25519,ML-KEM-768,mobile,10,402269,,,,,,,1
ssh_mobile_classical_20260901_151814_1,2026-09-01T15:18:15+00:00,SSH,Classical,X25519,X25519,None,mobile,1,1405450,,,,,,,1
ssh_mobile_classical_20260901_151814_2,2026-09-01T15:18:17+00:00,SSH,Classical,X25519,X25519,None,mobile,2,1439576,,,,,,,1
ssh_mobile_classical_20260901_151814_3,2026-09-01T15:18:18+00:00,SSH,Classical,X25519,X25519,None,mobile,3,1617093,,,,,,,1
ssh_mobile_classical_20260901_151814_4,2026-09-01T15:18:20+00:00,SSH,Classical,X25519,X25519,None,mobile,4,1708675,,,,,,,1
ssh_mobile_classical_20260901_151814_5,2026-09-01T15:18:21+00:00,SSH,Classical,X25519,X25519,None,mobile,5,1295585,,,,,,,1
ssh_mobile_classical_20260901_151814_6,2026-09-01T15:18:23+00:00,SSH,Classical,X25519,X25519,None,mobile,6,1464946,,,,,,,1
ssh_mobile_classical_20260901_151814_7,2026-09-01T15:18:24+00:00,SSH,Classical,X25519,X25519,None,mobile,7,1499583,,,,,,,1
ssh_mobile_classical_20260901_151814_8,2026-09-01T15:18:26+00:00,SSH,Classical,X25519,X25519,None,mobile,8,1305479,,,,,,,1
ssh_mobile_classical_20260901_151814_9,2026-09-01T15:18:27+00:00,SSH,Classical,X25519,X25519,None,mobile,9,1250389,,,,,,,1
ssh_mobile_classical_20260901_151814_10,2026-09-01T15:18:28+00:00,SSH,Classical,X25519,X25519,None,mobile,10,1297029,,,,,,,1
ssh_mobile_hybrid_20260901_151814_1,2026-09-01T15:18:30+00:00,SSH,Hybrid,sntrup761x25519,X25519,Streamlined-NTRU-Prime,mobile,1,1488822,,,,,,,1
ssh_mobile_hybrid_20260901_151814_2,2026-09-01T15:18:32+00:00,SSH,Hybrid,sntrup761x25519,X25519,Streamlined-NTRU-Prime,mobile,2,1717085,,,,,,,1
ssh_mobile_hybrid_20260901_151814_3,2026-09-01T15:18:33+00:00,SSH,Hybrid,sntrup761x25519,X25519,Streamlined-NTRU-Prime,mobile,3,1207307,,,,,,,1
ssh_mobile_hybrid_20260901_151814_4,2026-09-01T15:18:34+00:00,SSH,Hybrid,sntrup761x25519,X25519,Streamlined-NTRU-Prime,mobile,4,1233194,,,,,,,1
ssh_mobile_hybrid_20260901_151814_5,2026-09-01T15:18:35+00:00,SSH,Hybrid,sntrup761x25519,X25519,Streamlined-NTRU-Prime,mobile,5,1443054,,,,,,,1
ssh_mobile_hybrid_20260901_151814_6,2026-09-01T15:18:37+00:00,SSH,Hybrid,sntrup761x25519,X25519,Streamlined-NTRU-Prime,mobile,6,1480170,,,,,,,1
ssh_mobile_hybrid_20260901_151814_7,2026-09-01T15:18:38+00:00,SSH,Hybrid,sntrup761x25519,X25519,Streamlined-NTRU-Prime,mobile,7,1435156,,,,,,,1
ssh_mobile_hybrid_20260901_151814_8,2026-09-01T15:18:40+00:00,SSH,Hybrid,sntrup761x25519,X25519,Streamlined-NTRU-Prime,mobile,8,1952299,,,,,,,1
ssh_mobile_hybrid_20260901_151814_9,2026-09-01T15:18:42+00:00,SSH,Hybrid,sntrup761x25519,X25519,Streamlined-NTRU-Prime,mobile,9,1463724,,,,,,,1
ssh_mobile_hybrid_20260901_151814_10,2026-09-01T15:18:43+00:00,SSH,Hybrid,sntrup761x25519,X25519,Streamlined-NTRU-Prime,mobile,10,1337058,,,,,,,1
